train_type,train_group
S,S
S3,S
S42,S
S 8,S
RB,RB
RE,RE
Bus,Bus
HLB,RB
ARV,RB
ERB,RB
ICE,ICE
MSM,Other
NWB,RB
NX,RE
OE,RB
SBH,S
SWE,RB
VBG,RB
VIA,RE
ag,RB
brb,RB
TR,RB
BRB,RB
CAN,RB
IC,IC/EC
ME,RE
WFB,RE
TL,RB
RT,RE
OPB,RB
CB,RB
R,S
ENO,RE
WBA,RB
TLX,RE
BOB,RB
STN,RB
HAN,RB
EVB,RB
RSU,RE
FEG,RB
TD,RB
AKN,RB
RJ,IC/EC
WEG,RB
stb,RB
FLX,IC/EC
RTB,RB
ALX,RE
NJ,IC/EC
MDS,S
ECE,IC/EC
EC,IC/EC
REX,RE
DB,Other
TRI,RE
EN,IC/EC
TCS,RE
WB,RB
neg,RB
TGV,IC/EC
CLR,RE
RJX,IC/EC
IR,IC/EC
Dab,Other
BE,RB
PRE,RB
HSB,RB
TER,RE
Os,RB
LE,RE
MBB,RB
EUR,IC/EC
SAB,RB
KD,RE
DZ,Other
EX,RE
P,Other
SDG,RB
SOE,RB
Bsv,RB
SVG,RE
DWE,RB
D,IC/EC
AS,RB
GV,Other
UEX,IC/EC
ES,Other
AZS,RB
SEV,Bus
Sp,Other
LEO,RB
SPNV,Other
ÖBA,Other
RBP,RB
KTB,RB
DRB-G,RB
DBK,RB
BNV,RB
DPN,Other
bus,Bus
BUSRE,Bus
UEF,RB
EV,Other
L-S,Other
Neg,RB
REOE,RE
Schad R,Bus
Bnv,RB
RE8,RE
Nus,Other
DRC,RB
TAXI,Bus
Bvs,RB
5150,Other
BsV,RB
CLB,RB
Bsc,RB
VIABS,RE
Bev,RB
drb,RB
Sev,Bus
7455,Other
Taxi,Bus
RBBsv,RB
MEX,RE
SMD,RB
N,RB
FEX,RE
EST,Other
VEN,Other
IRE,RE
tcs,Other
bsv,RB
---,Other
S41,S
GA,Other
L-IRE,RE
bUS,Bus
BSEV,Bus
erxEV,Other
EV6X,Other
FLX30,IC/EC
re,RE
S9,S
L-RB,RB
AKE,Other
LPFT,Other
99991,Other
ic,IC/EC
2861,Other
BEV,Other
bSV,RB
VSE,RB
SBB S,S
DRC-G,RB
L-RE,RE
Pz,Other
RB81,RB
BUs,Bus
DRS-G,RB
HLB B,RE
RE1,RE
RSN,RB
FLX20,IC/EC
GoC,Other
BBUS,Bus
MRSEB,RB
MRBBU,Other
RB39,RB
Bav,RB
-,Other
RE6,RE
exb,RB
DBR_G,RB
Rb,RB
HLBBs,RE
Bsvvl,RB
SV,Other
DBR-G,RB
OEX,RB
bvs,RB
19691,Other
SDZ,Other
VBGBs,Other
BBNV,Bus
NWBEV,RB
RB31,RB
BSB,RB
IR75,IC/EC
Bs,Other
VIABs,RE
BSBV,Bus
20029,Other
ebu,Bus
me,RE
S 41,S
RBUS,Bus
Ast,Other
BSv,RB
NEX,RB
drb-g,RB
OE RB,RB
86870,Other
S8,S
RBBUs,Bus
S 9,S
FEX-G,RE
RE90,RE
ice,ICE
vlx,RE
AVG,S
EB,RB
ABR,RB
MRB,RB
NEB,RB
NBE,RB
STB,RB
RRB,RB
SBB,S
RSM,RB
erx,RE
